{"_step":0,"_wandb":{"runtime":7},"Progress":0,"_timestamp":1.7421163178288405e+09,"_runtime":7.827101045}