{"Progress":0,"_timestamp":1.74211690756771e+09,"_runtime":4.613117845,"_step":0,"_wandb":{"runtime":4}}