{"_wandb":{"runtime":30127},"Accuracy/ConvNet3D":0.021350762527233117,"Progress":1500,"_step":1500,"_runtime":30127.127534123,"_timestamp":1.7421545812172918e+09,"Std/ConvNet3D":0.00196078431372549,"Max_Std/ConvNet3D":0.004139433551198257,"Max_Accuracy/ConvNet3D":0.025272331154684094}