{"_step":197,"_timestamp":1.7420583958777452e+09,"_wandb":{"runtime":4540},"Progress":197,"Accuracy/ConvNet3D":0.02880174291938998,"_runtime":4540.671112308,"Std/ConvNet3D":0.00408146545615564,"Max_Accuracy/ConvNet3D":0.02880174291938998,"Max_Std/ConvNet3D":0.00408146545615564}