{"Progress":1500,"_wandb":{"runtime":30937},"Max_Accuracy/ConvNet3D":0.03189542483660131,"_step":1500,"Max_Std/ConvNet3D":0.006392915706427632,"_runtime":30937.827007144,"Std/ConvNet3D":0.0016762861927382437,"_timestamp":1.7420895047978485e+09,"Accuracy/ConvNet3D":0.0261437908496732}