{"_step":0,"_wandb":{"runtime":107},"Progress":0,"_timestamp":1.7420490036423347e+09,"_runtime":107.544902224}