{"_timestamp":1.74211825501414e+09,"_runtime":25.315237409,"_step":1,"_wandb":{"runtime":25},"Progress":1}