{"Progress":0,"_timestamp":1.742117097379488e+09,"_wandb":{"runtime":10},"_runtime":10.079947036,"_step":0}