{"_wandb":{"runtime":6},"_step":0,"Progress":0,"_timestamp":1.7421163697454746e+09,"_runtime":6.518999975}