{"_timestamp":1.7420513007937703e+09,"_runtime":2126.297321914,"_step":123,"_wandb":{"runtime":2126},"Progress":123}