{"Progress":7,"_timestamp":1.742124305191472e+09,"_runtime":133.171585323,"_wandb":{"runtime":133},"_step":7}