{"_timestamp":1.742116605585614e+09,"_wandb":{"runtime":214},"_runtime":214.484866919,"_step":11,"Progress":11}