{"_wandb":{"runtime":5551},"Progress":308,"_timestamp":1.7421238331971736e+09,"_runtime":5551.224071808,"_step":308}