{"_runtime":205.347576055,"_step":1,"_wandb":{"runtime":205},"Progress":1,"_timestamp":1.7420513895748768e+09}