{"_step":0,"_wandb":{"runtime":5},"Progress":0,"_timestamp":1.742058526672399e+09,"_runtime":5.075281222}