{"_wandb":{"runtime":21},"_step":0,"Progress":0,"_timestamp":1.7421240436625638e+09,"_runtime":21.236257118}