{"_wandb":{"runtime":21},"_runtime":21.266709012,"_step":0,"Progress":0,"_timestamp":1.7421166545899374e+09}