{"_runtime":194.168404817,"_step":10,"_wandb":{"runtime":194},"Progress":10,"_timestamp":1.7420486979577956e+09}