{"Progress":52,"Accuracy/ConvNet3D":0.036122004357298475,"_wandb":{"runtime":2016},"Max_Std/ConvNet3D":0.006219499840784345,"_timestamp":1.7420538184065373e+09,"_step":52,"Max_Accuracy/ConvNet3D":0.036122004357298475,"Std/ConvNet3D":0.006219499840784345,"_runtime":2016.667722023}